ecozone,extent_2000,extent_perc,gain,gain_perc,id,loss,loss_perc,thresh,year
Boreal,1225067746.8387,68.3922339355415,1724927.0973699999,0.14080258841367688,234,3205015.3990665,0.2616194416461518,10,2001
Subtropical,393805299.17046297,17.48929888050011,1617518.069793075,0.41074055458378034,824,2090262.844242691,0.5307858600800335,10,2001
Temperate,637185644.80702,23.69520272179156,1299885.7886921668,0.20400424888508817,769,1751364.7946626341,0.27485942424096166,10,2001
Tropical,2552413637.8336973,44.93108045397272,2060309.6983481832,0.08072005523747412,1251,7068385.067186829,0.27692945071340236,10,2001
Boreal,1225067746.8387,68.3922339355415,1724927.0973699999,0.14080258841367688,234,5358440.129536999,0.437399494302622,10,2002
Subtropical,393805299.17046297,17.48929888050011,1617518.069793075,0.41074055458378034,824,2214569.020429395,0.5623512494865628,10,2002
Temperate,637185644.80702,23.69520272179156,1299885.7886921668,0.20400424888508817,769,1787941.4606566527,0.2805997710758462,10,2002
Tropical,2552413637.8336973,44.93108045397272,2060309.6983481832,0.08072005523747412,1251,8137979.892073978,0.3188346814735288,10,2002
Boreal,1225067746.8387,68.3922339355415,1724927.0973699999,0.14080258841367688,234,4658131.4030436,0.3802345964183578,10,2003
Subtropical,393805299.17046297,17.48929888050011,1617518.069793075,0.41074055458378034,824,2006862.9971322683,0.5096079208074789,10,2003
Temperate,637185644.80702,23.69520272179156,1299885.7886921668,0.20400424888508817,769,1715586.465802434,0.26924436854223577,10,2003
Tropical,2552413637.8336973,44.93108045397272,2060309.6983481832,0.08072005523747412,1251,7056836.285057796,0.2764769855659886,10,2003
Boreal,1225067746.8387,68.3922339355415,1724927.0973699999,0.14080258841367688,234,6694027.538533,0.5464210086182587,10,2004
Subtropical,393805299.17046297,17.48929888050011,1617518.069793075,0.41074055458378034,824,2256784.1693704003,0.5730710516400457,10,2004
Temperate,637185644.80702,23.69520272179156,1299885.7886921668,0.20400424888508817,769,2710758.875272232,0.4254268590895862,10,2004
Tropical,2552413637.8336973,44.93108045397272,2060309.6983481832,0.08072005523747412,1251,9213782.9024181,0.36098314026554434,10,2004
Boreal,1225067746.8387,68.3922339355415,1724927.0973699999,0.14080258841367688,234,5017901.711604301,0.40960197707865936,10,2005
Subtropical,393805299.17046297,17.48929888050011,1617518.069793075,0.41074055458378034,824,2328451.384993298,0.5912696933987682,10,2005
Temperate,637185644.80702,23.69520272179156,1299885.7886921668,0.20400424888508817,769,2335306.883226826,0.366503373429592,10,2005
Tropical,2552413637.8336973,44.93108045397272,2060309.6983481832,0.08072005523747412,1251,9361162.837459322,0.3667572801955562,10,2005
Boreal,1225067746.8387,68.3922339355415,1724927.0973699999,0.14080258841367688,234,5124695.705027,0.41831937198994346,10,2006
Subtropical,393805299.17046297,17.48929888050011,1617518.069793075,0.41074055458378034,824,2463706.4885908454,0.6256153723122967,10,2006
Temperate,637185644.80702,23.69520272179156,1299885.7886921668,0.20400424888508817,769,2334246.60997446,0.366336974004086,10,2006
Tropical,2552413637.8336973,44.93108045397272,2060309.6983481832,0.08072005523747412,1251,8732584.984697022,0.3421304781974368,10,2006
Boreal,1225067746.8387,68.3922339355415,1724927.0973699999,0.14080258841367688,234,4169378.2128871,0.34033858320457977,10,2007
Subtropical,393805299.17046297,17.48929888050011,1617518.069793075,0.41074055458378034,824,2764181.917152671,0.7019158764433397,10,2007
Temperate,637185644.80702,23.69520272179156,1299885.7886921668,0.20400424888508817,769,2835161.468045957,0.44495061857594465,10,2007
Tropical,2552413637.8336973,44.93108045397272,2060309.6983481832,0.08072005523747412,1251,9641129.142901752,0.3777259688631205,10,2007
Boreal,1225067746.8387,68.3922339355415,1724927.0973699999,0.14080258841367688,234,4919891.9568759,0.401601623222204,10,2008
Subtropical,393805299.17046297,17.48929888050011,1617518.069793075,0.41074055458378034,824,2785251.844566142,0.7072662177053425,10,2008
Temperate,637185644.80702,23.69520272179156,1299885.7886921668,0.20400424888508817,769,2478675.123626273,0.38900360418147406,10,2008
Tropical,2552413637.8336973,44.93108045397272,2060309.6983481832,0.08072005523747412,1251,9469179.786230296,0.3709892333229753,10,2008
Boreal,1225067746.8387,68.3922339355415,1724927.0973699999,0.14080258841367688,234,3647817.5578610003,0.2977645576968483,10,2009
Subtropical,393805299.17046297,17.48929888050011,1617518.069793075,0.41074055458378034,824,2147760.0502268337,0.5453862745755365,10,2009
Temperate,637185644.80702,23.69520272179156,1299885.7886921668,0.20400424888508817,769,2061297.2901846913,0.3235002713862115,10,2009
Tropical,2552413637.8336973,44.93108045397272,2060309.6983481832,0.08072005523747412,1251,10259805.87589338,0.4019648588228496,10,2009
Boreal,1225067746.8387,68.3922339355415,1724927.0973699999,0.14080258841367688,234,4170012.5349709997,0.3403903617356477,10,2010
Subtropical,393805299.17046297,17.48929888050011,1617518.069793075,0.41074055458378034,824,2464398.8734194855,0.6257911913858587,10,2010
Temperate,637185644.80702,23.69520272179156,1299885.7886921668,0.20400424888508817,769,2382042.488479825,0.3738380655454437,10,2010
Tropical,2552413637.8336973,44.93108045397272,2060309.6983481832,0.08072005523747412,1251,10442762.498691354,0.40913284367005687,10,2010
Boreal,1225067746.8387,68.3922339355415,1724927.0973699999,0.14080258841367688,234,4814331.5802386,0.3929849261530256,10,2011
Subtropical,393805299.17046297,17.48929888050011,1617518.069793075,0.41074055458378034,824,2216096.668155924,0.5627391690320201,10,2011
Temperate,637185644.80702,23.69520272179156,1299885.7886921668,0.20400424888508817,769,2292684.7247654363,0.35981424620132585,10,2011
Tropical,2552413637.8336973,44.93108045397272,2060309.6983481832,0.08072005523747412,1251,9209965.107661989,0.3608335644013693,10,2011
Boreal,1225067746.8387,68.3922339355415,1724927.0973699999,0.14080258841367688,234,7968083.285436,0.6504198078839085,10,2012
Subtropical,393805299.17046297,17.48929888050011,1617518.069793075,0.41074055458378034,824,2510561.1592146317,0.6375133002280672,10,2012
Temperate,637185644.80702,23.69520272179156,1299885.7886921668,0.20400424888508817,769,2427748.498090092,0.381011172783933,10,2012
Tropical,2552413637.8336973,44.93108045397272,2060309.6983481832,0.08072005523747412,1251,11385456.300598871,0.4460662696608226,10,2012
Boreal,1225067746.8387,68.3922339355415,1724927.0973699999,0.14080258841367688,234,7752769.273919301,0.6328441258800097,10,2013
Subtropical,393805299.17046297,17.48929888050011,1617518.069793075,0.41074055458378034,824,1997799.103978424,0.5073063029336369,10,2013
Temperate,637185644.80702,23.69520272179156,1299885.7886921668,0.20400424888508817,769,1617655.7655898267,0.2538751114017572,10,2013
Tropical,2552413637.8336973,44.93108045397272,2060309.6983481832,0.08072005523747412,1251,8932921.89119628,0.3499793982756609,10,2013
Boreal,1149792162.0447001,64.18980070835786,1724927.0973699999,0.1500207736937887,234,3111655.5001491997,0.27062764931495753,15,2001
Subtropical,371360296.5279089,16.492493199072946,1617518.069793075,0.43556569857260263,824,2075897.0671862145,0.5589981176219263,15,2001
Temperate,617217311.8482099,22.95263467850405,1299885.7886921668,0.21060423350728105,769,1741879.4969849554,0.2822149449711692,15,2001
Tropical,2361890800.9353747,41.57723655261232,2060309.6983481832,0.08723136977934132,1251,6971702.8472562,0.295174647553359,15,2001
Boreal,1149792162.0447001,64.18980070835786,1724927.0973699999,0.1500207736937887,234,5156493.563685,0.4484717963736243,15,2002
Subtropical,371360296.5279089,16.492493199072946,1617518.069793075,0.43556569857260263,824,2199690.747114407,0.592333312871828,15,2002
Temperate,617217311.8482099,22.95263467850405,1299885.7886921668,0.21060423350728105,769,1776379.2651308996,0.2878045108313097,15,2002
Tropical,2361890800.9353747,41.57723655261232,2060309.6983481832,0.08723136977934132,1251,8019836.522648519,0.33955153724602505,15,2002
Boreal,1149792162.0447001,64.18980070835786,1724927.0973699999,0.1500207736937887,234,4520525.0637746,0.3931601912936728,15,2003
Subtropical,371360296.5279089,16.492493199072946,1617518.069793075,0.43556569857260263,824,1987530.4282109044,0.5352027254377031,15,2003
Temperate,617217311.8482099,22.95263467850405,1299885.7886921668,0.21060423350728105,769,1704055.7221451788,0.276086831887867,15,2003
Tropical,2361890800.9353747,41.57723655261232,2060309.6983481832,0.08723136977934132,1251,6964477.3299229555,0.2948687266644515,15,2003
Boreal,1149792162.0447001,64.18980070835786,1724927.0973699999,0.1500207736937887,234,6526970.895978,0.5676652799903373,15,2004
Subtropical,371360296.5279089,16.492493199072946,1617518.069793075,0.43556569857260263,824,2239873.4715896887,0.6031537276687183,15,2004
Temperate,617217311.8482099,22.95263467850405,1299885.7886921668,0.21060423350728105,769,2696581.257356214,0.43689332842617595,15,2004
Tropical,2361890800.9353747,41.57723655261232,2060309.6983481832,0.08723136977934132,1251,9084815.349855714,0.3846416331465397,15,2004
Boreal,1149792162.0447001,64.18980070835786,1724927.0973699999,0.1500207736937887,234,4958901.1172873005,0.43128673868056117,15,2005
Subtropical,371360296.5279089,16.492493199072946,1617518.069793075,0.43556569857260263,824,2305673.7040370526,0.6208724318658481,15,2005
Temperate,617217311.8482099,22.95263467850405,1299885.7886921668,0.21060423350728105,769,2326118.5600674367,0.37687189186285996,15,2005
Tropical,2361890800.9353747,41.57723655261232,2060309.6983481832,0.08723136977934132,1251,9198312.34100179,0.3894469777078179,15,2005
Boreal,1149792162.0447001,64.18980070835786,1724927.0973699999,0.1500207736937887,234,5020706.62787,0.43666210238740616,15,2006
Subtropical,371360296.5279089,16.492493199072946,1617518.069793075,0.43556569857260263,824,2444798.5511551406,0.658336007918231,15,2006
Temperate,617217311.8482099,22.95263467850405,1299885.7886921668,0.21060423350728105,769,2324051.0452400306,0.3765369182988141,15,2006
Tropical,2361890800.9353747,41.57723655261232,2060309.6983481832,0.08723136977934132,1251,8577547.549269632,0.3631644420594163,15,2006
Boreal,1149792162.0447001,64.18980070835786,1724927.0973699999,0.1500207736937887,234,4121655.6361491,0.35846962365959,15,2007
Subtropical,371360296.5279089,16.492493199072946,1617518.069793075,0.43556569857260263,824,2744391.3194006733,0.7390104287022033,15,2007
Temperate,617217311.8482099,22.95263467850405,1299885.7886921668,0.21060423350728105,769,2822675.824692644,0.45732285380012405,15,2007
Tropical,2361890800.9353747,41.57723655261232,2060309.6983481832,0.08723136977934132,1251,9447420.75530836,0.399993968881496,15,2007
Boreal,1149792162.0447001,64.18980070835786,1724927.0973699999,0.1500207736937887,234,4847912.2632605,0.42163378941802426,15,2008
Subtropical,371360296.5279089,16.492493199072946,1617518.069793075,0.43556569857260263,824,2769739.531029553,0.7458362019110997,15,2008
Temperate,617217311.8482099,22.95263467850405,1299885.7886921668,0.21060423350728105,769,2468085.288361715,0.3998729849250701,15,2008
Tropical,2361890800.9353747,41.57723655261232,2060309.6983481832,0.08723136977934132,1251,9277766.447922738,0.3928109819576961,15,2008
Boreal,1149792162.0447001,64.18980070835786,1724927.0973699999,0.1500207736937887,234,3575469.2326066005,0.3109665686229994,15,2009
Subtropical,371360296.5279089,16.492493199072946,1617518.069793075,0.43556569857260263,824,2135065.0118962326,0.5749308776027907,15,2009
Temperate,617217311.8482099,22.95263467850405,1299885.7886921668,0.21060423350728105,769,2054368.1758415552,0.3328435765500335,15,2009
Tropical,2361890800.9353747,41.57723655261232,2060309.6983481832,0.08723136977934132,1251,10043697.441849906,0.4252397036252616,15,2009
Boreal,1149792162.0447001,64.18980070835786,1724927.0973699999,0.1500207736937887,234,4103971.8441509996,0.3569316246557828,15,2010
Subtropical,371360296.5279089,16.492493199072946,1617518.069793075,0.43556569857260263,824,2452435.731009964,0.660392549752732,15,2010
Temperate,617217311.8482099,22.95263467850405,1299885.7886921668,0.21060423350728105,769,2375604.829991909,0.38488953313353164,15,2010
Tropical,2361890800.9353747,41.57723655261232,2060309.6983481832,0.08723136977934132,1251,10284431.71048234,0.4354321421807231,15,2010
Boreal,1149792162.0447001,64.18980070835786,1724927.0973699999,0.1500207736937887,234,4700161.7498687,0.40878359629015926,15,2011
Subtropical,371360296.5279089,16.492493199072946,1617518.069793075,0.43556569857260263,824,2204735.075462411,0.5936916509589006,15,2011
Temperate,617217311.8482099,22.95263467850405,1299885.7886921668,0.21060423350728105,769,2285878.614788275,0.37035231690818704,15,2011
Tropical,2361890800.9353747,41.57723655261232,2060309.6983481832,0.08723136977934132,1251,9061543.01379957,0.38365630664258255,15,2011
Boreal,1149792162.0447001,64.18980070835786,1724927.0973699999,0.1500207736937887,234,7745910.908381,0.6736792234351537,15,2012
Subtropical,371360296.5279089,16.492493199072946,1617518.069793075,0.43556569857260263,824,2493044.8591337344,0.6713277866381642,15,2012
Temperate,617217311.8482099,22.95263467850405,1299885.7886921668,0.21060423350728105,769,2417639.188928103,0.39169983448595574,15,2012
Tropical,2361890800.9353747,41.57723655261232,2060309.6983481832,0.08723136977934132,1251,11207900.85798831,0.47453086542145245,15,2012
Boreal,1149792162.0447001,64.18980070835786,1724927.0973699999,0.1500207736937887,234,7493310.3964583,0.6517099910589741,15,2013
Subtropical,371360296.5279089,16.492493199072946,1617518.069793075,0.43556569857260263,824,1965045.965496378,0.5291481033026099,15,2013
Temperate,617217311.8482099,22.95263467850405,1299885.7886921668,0.21060423350728105,769,1608136.1364356116,0.26054618131500096,15,2013
Tropical,2361890800.9353747,41.57723655261232,2060309.6983481832,0.08723136977934132,1251,8748981.669417966,0.3704227844044748,15,2013
Boreal,1126291795.9257,62.87783854028264,1724927.0973699999,0.15315099547114086,234,3068084.7312769,0.27240584921026073,20,2001
Subtropical,355129829.97845393,15.771681465327061,1617518.069793075,0.45547231836064334,824,2000399.8445136603,0.5632869096451364,20,2001
Temperate,605654613.5833399,22.522649349063713,1299885.7886921668,0.21462492971058636,769,1736546.8140248195,0.2867222960212562,20,2001
Tropical,2137156235.1562457,37.62115094558635,2060309.6983481832,0.09640426209633456,1251,6824046.637020499,0.3193049962733117,20,2001
Boreal,1126291795.9257,62.87783854028264,1724927.0973699999,0.15315099547114086,234,5074538.127364,0.45055270274726933,20,2002
Subtropical,355129829.97845393,15.771681465327061,1617518.069793075,0.45547231836064334,824,2151318.90734224,0.6057837798285666,20,2002
Temperate,605654613.5833399,22.522649349063713,1299885.7886921668,0.21462492971058636,769,1770772.1131294677,0.2923732558813909,20,2002
Tropical,2137156235.1562457,37.62115094558635,2060309.6983481832,0.09640426209633456,1251,7843113.095834075,0.36698828877434275,20,2002
Boreal,1126291795.9257,62.87783854028264,1724927.0973699999,0.15315099547114086,234,4474533.4238722995,0.39728012226127224,20,2003
Subtropical,355129829.97845393,15.771681465327061,1617518.069793075,0.45547231836064334,824,1883559.4698442833,0.5303861604525197,20,2003
Temperate,605654613.5833399,22.522649349063713,1299885.7886921668,0.21462492971058636,769,1697848.4411423546,0.2803327842410179,20,2003
Tropical,2137156235.1562457,37.62115094558635,2060309.6983481832,0.09640426209633456,1251,6785291.145043787,0.31749158219814094,20,2003
Boreal,1126291795.9257,62.87783854028264,1724927.0973699999,0.15315099547114086,234,6453079.902865,0.5729492060768506,20,2004
Subtropical,355129829.97845393,15.771681465327061,1617518.069793075,0.45547231836064334,824,2219961.95776687,0.6251127814021022,20,2004
Temperate,605654613.5833399,22.522649349063713,1299885.7886921668,0.21462492971058636,769,2689315.401977414,0.444034494522571,20,2004
Tropical,2137156235.1562457,37.62115094558635,2060309.6983481832,0.09640426209633456,1251,8906675.648061763,0.4167536046989379,20,2004
Boreal,1126291795.9257,62.87783854028264,1724927.0973699999,0.15315099547114086,234,4907497.1687086,0.4357216474861317,20,2005
Subtropical,355129829.97845393,15.771681465327061,1617518.069793075,0.45547231836064334,824,2255978.980587626,0.6352547125440007,20,2005
Temperate,605654613.5833399,22.522649349063713,1299885.7886921668,0.21462492971058636,769,2320913.4434265317,0.3832074240621907,20,2005
Tropical,2137156235.1562457,37.62115094558635,2060309.6983481832,0.09640426209633456,1251,8946188.304936336,0.4186024473911374,20,2005
Boreal,1126291795.9257,62.87783854028264,1724927.0973699999,0.15315099547114086,234,4944577.3855604995,0.4390138864055693,20,2006
Subtropical,355129829.97845393,15.771681465327061,1617518.069793075,0.45547231836064334,824,2420290.6273538047,0.6815227623938676,20,2006
Temperate,605654613.5833399,22.522649349063713,1299885.7886921668,0.21462492971058636,769,2317754.7783471826,0.3826858949582248,20,2006
Tropical,2137156235.1562457,37.62115094558635,2060309.6983481832,0.09640426209633456,1251,8319478.390625611,0.38927796918962176,20,2006
Boreal,1126291795.9257,62.87783854028264,1724927.0973699999,0.15315099547114086,234,4080475.9716156004,0.3622929676285047,20,2007
Subtropical,355129829.97845393,15.771681465327061,1617518.069793075,0.45547231836064334,824,2714186.0730479276,0.7642799460728489,20,2007
Temperate,605654613.5833399,22.522649349063713,1299885.7886921668,0.21462492971058636,769,2814963.5910686376,0.4647803431090829,20,2007
Tropical,2137156235.1562457,37.62115094558635,2060309.6983481832,0.09640426209633456,1251,9118055.477915064,0.42664431022509924,20,2007
Boreal,1126291795.9257,62.87783854028264,1724927.0973699999,0.15315099547114086,234,4797139.107065599,0.42592329309500365,20,2008
Subtropical,355129829.97845393,15.771681465327061,1617518.069793075,0.45547231836064334,824,2747766.6417129273,0.7737358030103066,20,2008
Temperate,605654613.5833399,22.522649349063713,1299885.7886921668,0.21462492971058636,769,2458993.603869336,0.4060059229666829,20,2008
Tropical,2137156235.1562457,37.62115094558635,2060309.6983481832,0.09640426209633456,1251,8961793.543668915,0.4193326344722629,20,2008
Boreal,1126291795.9257,62.87783854028264,1724927.0973699999,0.15315099547114086,234,3532501.7309078006,0.3136400126225225,20,2009
Subtropical,355129829.97845393,15.771681465327061,1617518.069793075,0.45547231836064334,824,2117551.6923666634,0.5962753656867228,20,2009
Temperate,605654613.5833399,22.522649349063713,1299885.7886921668,0.21462492971058636,769,2048659.5394288483,0.33825541711108364,20,2009
Tropical,2137156235.1562457,37.62115094558635,2060309.6983481832,0.09640426209633456,1251,9646373.567794453,0.4513649217175372,20,2009
Boreal,1126291795.9257,62.87783854028264,1724927.0973699999,0.15315099547114086,234,4066631.4803,0.36106375763463966,20,2010
Subtropical,355129829.97845393,15.771681465327061,1617518.069793075,0.45547231836064334,824,2430206.8732215143,0.6843150498984998,20,2010
Temperate,605654613.5833399,22.522649349063713,1299885.7886921668,0.21462492971058636,769,2370484.630747325,0.3913921528183222,20,2010
Tropical,2137156235.1562457,37.62115094558635,2060309.6983481832,0.09640426209633456,1251,10044098.861594796,0.4699749459758369,20,2010
Boreal,1126291795.9257,62.87783854028264,1724927.0973699999,0.15315099547114086,234,4650682.4120872,0.4129198515793859,20,2011
Subtropical,355129829.97845393,15.771681465327061,1617518.069793075,0.45547231836064334,824,2190749.3388747964,0.6168868830330899,20,2011
Temperate,605654613.5833399,22.522649349063713,1299885.7886921668,0.21462492971058636,769,2279299.5029973015,0.3763365211587979,20,2011
Tropical,2137156235.1562457,37.62115094558635,2060309.6983481832,0.09640426209633456,1251,8794994.615122452,0.4115279206285757,20,2011
Boreal,1126291795.9257,62.87783854028264,1724927.0973699999,0.15315099547114086,234,7652286.3078141995,0.6794230709569167,20,2012
Subtropical,355129829.97845393,15.771681465327061,1617518.069793075,0.45547231836064334,824,2472518.9440879766,0.6962295857371336,20,2012
Temperate,605654613.5833399,22.522649349063713,1299885.7886921668,0.21462492971058636,769,2409877.858717693,0.39789639254289055,20,2012
Tropical,2137156235.1562457,37.62115094558635,2060309.6983481832,0.09640426209633456,1251,10890097.207300723,0.5095601822720535,20,2012
Boreal,1126291795.9257,62.87783854028264,1724927.0973699999,0.15315099547114086,234,7409091.267907001,0.6578305279954085,20,2013
Subtropical,355129829.97845393,15.771681465327061,1617518.069793075,0.45547231836064334,824,1927217.124367246,0.5426795953705641,20,2013
Temperate,605654613.5833399,22.522649349063713,1299885.7886921668,0.21462492971058636,769,1599568.5032730866,0.26410572418647665,20,2013
Tropical,2137156235.1562457,37.62115094558635,2060309.6983481832,0.09640426209633456,1251,8377450.349721688,0.3919905438784741,20,2013
Boreal,1098086057.533,61.30318810690362,1724927.0973699999,0.15708487377075744,234,3013528.5950207002,0.27443464693386627,25,2001
Subtropical,342903170.7699505,15.228682938750673,1617518.069793075,0.4717127771554635,824,1988654.5301354064,0.579946381268539,25,2001
Temperate,595227143.7361999,22.134880079751028,1299885.7886921668,0.21838483045865031,769,1729382.1424980334,0.29054154547503,25,2001
Tropical,2094111884.513257,36.863425335143916,2060309.6983481832,0.09838584621886473,1251,6783759.58774277,0.3239444672422337,25,2001
Boreal,1098086057.533,61.30318810690362,1724927.0973699999,0.15708487377075744,234,4990825.653922,0.45450223319787614,25,2002
Subtropical,342903170.7699505,15.228682938750673,1617518.069793075,0.4717127771554635,824,2142935.794187201,0.6249390431052241,25,2002
Temperate,595227143.7361999,22.134880079751028,1299885.7886921668,0.21838483045865031,769,1757878.7571810563,0.2953290648250636,25,2002
Tropical,2094111884.513257,36.863425335143916,2060309.6983481832,0.09838584621886473,1251,7798374.544254847,0.3723953147836442,25,2002
Boreal,1098086057.533,61.30318810690362,1724927.0973699999,0.15708487377075744,234,4420229.867755,0.402539476522054,25,2003
Subtropical,342903170.7699505,15.228682938750673,1617518.069793075,0.4717127771554635,824,1871623.9654213325,0.545817048357649,25,2003
Temperate,595227143.7361999,22.134880079751028,1299885.7886921668,0.21838483045865031,769,1691715.187019321,0.2842133805257168,25,2003
Tropical,2094111884.513257,36.863425335143916,2060309.6983481832,0.09838584621886473,1251,6740843.337854092,0.32189509011935596,25,2003
Boreal,1098086057.533,61.30318810690362,1724927.0973699999,0.15708487377075744,234,6361227.315887999,0.5793013463971451,25,2004
Subtropical,342903170.7699505,15.228682938750673,1617518.069793075,0.4717127771554635,824,2209589.89349317,0.6443772125325596,25,2004
Temperate,595227143.7361999,22.134880079751028,1299885.7886921668,0.21838483045865031,769,2681226.436344224,0.4504543290002451,25,2004
Tropical,2094111884.513257,36.863425335143916,2060309.6983481832,0.09838584621886473,1251,8858821.090693282,0.42303475550698066,25,2004
Boreal,1098086057.533,61.30318810690362,1724927.0973699999,0.15708487377075744,234,4868214.552135,0.4433363413312166,25,2005
Subtropical,342903170.7699505,15.228682938750673,1617518.069793075,0.4717127771554635,824,2234783.4004934016,0.6517243324042314,25,2005
Temperate,595227143.7361999,22.134880079751028,1299885.7886921668,0.21838483045865031,769,2315177.8530210643,0.3889570355425749,25,2005
Tropical,2094111884.513257,36.863425335143916,2060309.6983481832,0.09838584621886473,1251,8893438.010882862,0.4246878152334253,25,2005
Boreal,1098086057.533,61.30318810690362,1724927.0973699999,0.15708487377075744,234,4890157.258958099,0.44533460974311107,25,2006
Subtropical,342903170.7699505,15.228682938750673,1617518.069793075,0.4717127771554635,824,2403919.106991562,0.7010489583965736,25,2006
Temperate,595227143.7361999,22.134880079751028,1299885.7886921668,0.21838483045865031,769,2312507.715406596,0.38850844416992547,25,2006
Tropical,2094111884.513257,36.863425335143916,2060309.6983481832,0.09838584621886473,1251,8262916.1740973815,0.39457854354415095,25,2006
Boreal,1098086057.533,61.30318810690362,1724927.0973699999,0.15708487377075744,234,4044292.6777473,0.3683038000530992,25,2007
Subtropical,342903170.7699505,15.228682938750673,1617518.069793075,0.4717127771554635,824,2696163.5984165384,0.7862754935635639,25,2007
Temperate,595227143.7361999,22.134880079751028,1299885.7886921668,0.21838483045865031,769,2807728.6724235215,0.47170709568108765,25,2007
Tropical,2094111884.513257,36.863425335143916,2060309.6983481832,0.09838584621886473,1251,9056342.310305733,0.43246697453372873,25,2007
Boreal,1098086057.533,61.30318810690362,1724927.0973699999,0.15708487377075744,234,4752708.7895663995,0.4328175152541329,25,2008
Subtropical,342903170.7699505,15.228682938750673,1617518.069793075,0.4717127771554635,824,2730483.935865131,0.7962842483299694,25,2008
Temperate,595227143.7361999,22.134880079751028,1299885.7886921668,0.21838483045865031,769,2453930.801901495,0.41226795984106845,25,2008
Tropical,2094111884.513257,36.863425335143916,2060309.6983481832,0.09838584621886473,1251,8896287.007810969,0.4248238632139165,25,2008
Boreal,1098086057.533,61.30318810690362,1724927.0973699999,0.15708487377075744,234,3493188.9254331,0.31811613502142316,25,2009
Subtropical,342903170.7699505,15.228682938750673,1617518.069793075,0.4717127771554635,824,2105633.363769086,0.6140606279729415,25,2009
Temperate,595227143.7361999,22.134880079751028,1299885.7886921668,0.21838483045865031,769,2044829.9670477053,0.34353775505136547,25,2009
Tropical,2094111884.513257,36.863425335143916,2060309.6983481832,0.09838584621886473,1251,9577154.690475449,0.4573372970805476,25,2009
Boreal,1098086057.533,61.30318810690362,1724927.0973699999,0.15708487377075744,234,4028630.053161,0.3668774433045682,25,2010
Subtropical,342903170.7699505,15.228682938750673,1617518.069793075,0.4717127771554635,824,2416254.648996676,0.7046463418729105,25,2010
Temperate,595227143.7361999,22.134880079751028,1299885.7886921668,0.21838483045865031,769,2366513.4406217323,0.3975815729382383,25,2010
Tropical,2094111884.513257,36.863425335143916,2060309.6983481832,0.09838584621886473,1251,9985815.125299832,0.4768520344661945,25,2010
Boreal,1098086057.533,61.30318810690362,1724927.0973699999,0.15708487377075744,234,4593516.1153845005,0.4183202294458105,25,2011
Subtropical,342903170.7699505,15.228682938750673,1617518.069793075,0.4717127771554635,824,2180896.1037029205,0.6360093138847225,25,2011
Temperate,595227143.7361999,22.134880079751028,1299885.7886921668,0.21838483045865031,769,2275481.356352438,0.38228790140002655,25,2011
Tropical,2094111884.513257,36.863425335143916,2060309.6983481832,0.09838584621886473,1251,8737210.409487609,0.417227487896065,25,2011
Boreal,1098086057.533,61.30318810690362,1724927.0973699999,0.15708487377075744,234,7524993.514003,0.6852826754679796,25,2012
Subtropical,342903170.7699505,15.228682938750673,1617518.069793075,0.4717127771554635,824,2457100.149904247,0.716558013851871,25,2012
Temperate,595227143.7361999,22.134880079751028,1299885.7886921668,0.21838483045865031,769,2402579.966250083,0.4036408607257481,25,2012
Tropical,2094111884.513257,36.863425335143916,2060309.6983481832,0.09838584621886473,1251,10818207.575607112,0.5166012215303211,25,2012
Boreal,1098086057.533,61.30318810690362,1724927.0973699999,0.15708487377075744,234,7285440.483336,0.6634671693859528,25,2013
Subtropical,342903170.7699505,15.228682938750673,1617518.069793075,0.4717127771554635,824,1899500.963405588,0.5539467480398248,25,2013
Temperate,595227143.7361999,22.134880079751028,1299885.7886921668,0.21838483045865031,769,1590628.8398484827,0.26723056174223087,25,2013
Tropical,2094111884.513257,36.863425335143916,2060309.6983481832,0.09838584621886473,1251,8293453.14463866,0.3960367736782288,25,2013
Boreal,1062504878.438,59.316786676740065,1724927.0973699999,0.1623453343485664,234,2958940.558398,0.2784872444772179,30,2001
Subtropical,326691565.7906175,14.508708866757727,1617518.069793075,0.495120853787138,824,1921322.802246493,0.5881152142990748,30,2001
Temperate,581997445.7394999,21.642903559980518,1299885.7886921668,0.22334905388467827,769,1722035.5055342908,0.2958836878306624,30,2001
Tropical,1990302498.0763857,35.0360303452663,2060309.6983481832,0.10351741508335838,1251,6691488.269665733,0.3362045857920096,30,2001
Boreal,1062504878.438,59.316786676740065,1724927.0973699999,0.1623453343485664,234,4861365.77894,0.457538207832678,30,2002
Subtropical,326691565.7906175,14.508708866757727,1617518.069793075,0.495120853787138,824,2102199.727323825,0.6434814814506605,30,2002
Temperate,581997445.7394999,21.642903559980518,1299885.7886921668,0.22334905388467827,769,1748351.1534124203,0.30040529665743176,30,2002
Tropical,1990302498.0763857,35.0360303452663,2060309.6983481832,0.10351741508335838,1251,7692704.191832663,0.3865092969168059,30,2002
Boreal,1062504878.438,59.316786676740065,1724927.0973699999,0.1623453343485664,234,4323758.0079419995,0.40694006170573105,30,2003
Subtropical,326691565.7906175,14.508708866757727,1617518.069793075,0.495120853787138,824,1792378.6007361747,0.5486455080033937,30,2003
Temperate,581997445.7394999,21.642903559980518,1299885.7886921668,0.22334905388467827,769,1684081.109704914,0.2893622853559229,30,2003
Tropical,1990302498.0763857,35.0360303452663,2060309.6983481832,0.10351741508335838,1251,6634427.159970409,0.3333376291484606,30,2003
Boreal,1062504878.438,59.316786676740065,1724927.0973699999,0.1623453343485664,234,6243808.23559,0.5876498416429947,30,2004
Subtropical,326691565.7906175,14.508708866757727,1617518.069793075,0.495120853787138,824,2190328.941665568,0.6704577561911681,30,2004
Temperate,581997445.7394999,21.642903559980518,1299885.7886921668,0.22334905388467827,769,2672409.32414934,0.4591788750470739,30,2004
Tropical,1990302498.0763857,35.0360303452663,2060309.6983481832,0.10351741508335838,1251,8748631.956953801,0.439562929022563,30,2004
Boreal,1062504878.438,59.316786676740065,1724927.0973699999,0.1623453343485664,234,4799672.744645,0.4517318312647234,30,2005
Subtropical,326691565.7906175,14.508708866757727,1617518.069793075,0.495120853787138,824,2186714.349331037,0.6693513326672601,30,2005
Temperate,581997445.7394999,21.642903559980518,1299885.7886921668,0.22334905388467827,769,2308169.96827388,0.3965945186135763,30,2005
Tropical,1990302498.0763857,35.0360303452663,2060309.6983481832,0.10351741508335838,1251,8752597.264078094,0.4397621604021209,30,2005
Boreal,1062504878.438,59.316786676740065,1724927.0973699999,0.1623453343485664,234,4780556.767465999,0.4499326887321165,30,2006
Subtropical,326691565.7906175,14.508708866757727,1617518.069793075,0.495120853787138,824,2360211.981842801,0.7224588048763717,30,2006
Temperate,581997445.7394999,21.642903559980518,1299885.7886921668,0.22334905388467827,769,2305599.3935601297,0.39615283717106003,30,2006
Tropical,1990302498.0763857,35.0360303452663,2060309.6983481832,0.10351741508335838,1251,8131657.363525039,0.4085638927441548,30,2006
Boreal,1062504878.438,59.316786676740065,1724927.0973699999,0.1623453343485664,234,3989646.304126,0.3754943986696064,30,2007
Subtropical,326691565.7906175,14.508708866757727,1617518.069793075,0.495120853787138,824,2659072.6274953713,0.8139397847814713,30,2007
Temperate,581997445.7394999,21.642903559980518,1299885.7886921668,0.22334905388467827,769,2797541.1558390604,0.4806792841306095,30,2007
Tropical,1990302498.0763857,35.0360303452663,2060309.6983481832,0.10351741508335838,1251,8893168.094059443,0.4468249475973945,30,2007
Boreal,1062504878.438,59.316786676740065,1724927.0973699999,0.1623453343485664,234,4684137.934664,0.4408580167227281,30,2008
Subtropical,326691565.7906175,14.508708866757727,1617518.069793075,0.495120853787138,824,2690428.241748866,0.8235377106347488,30,2008
Temperate,581997445.7394999,21.642903559980518,1299885.7886921668,0.22334905388467827,769,2448057.24364837,0.4206302384261858,30,2008
Tropical,1990302498.0763857,35.0360303452663,2060309.6983481832,0.10351741508335838,1251,8730910.208436314,0.43867252424567027,30,2008
Boreal,1062504878.438,59.316786676740065,1724927.0973699999,0.1623453343485664,234,3432685.6383490004,0.3230748119853745,30,2009
Subtropical,326691565.7906175,14.508708866757727,1617518.069793075,0.495120853787138,824,2073751.433768702,0.6347734838975936,30,2009
Temperate,581997445.7394999,21.642903559980518,1299885.7886921668,0.22334905388467827,769,2040304.8757536702,0.3505693866338554,30,2009
Tropical,1990302498.0763857,35.0360303452663,2060309.6983481832,0.10351741508335838,1251,9390940.727471195,0.47183484603709624,30,2009
Boreal,1062504878.438,59.316786676740065,1724927.0973699999,0.1623453343485664,234,3966158.2834169995,0.3732837715764366,30,2010
Subtropical,326691565.7906175,14.508708866757727,1617518.069793075,0.495120853787138,824,2339955.5068078,0.7162583157434556,30,2010
Temperate,581997445.7394999,21.642903559980518,1299885.7886921668,0.22334905388467827,769,2362112.27443095,0.40586299677477,30,2010
Tropical,1990302498.0763857,35.0360303452663,2060309.6983481832,0.10351741508335838,1251,9842209.923023239,0.4945082434723199,30,2010
Boreal,1062504878.438,59.316786676740065,1724927.0973699999,0.1623453343485664,234,4503760.969781,0.4238814391517927,30,2011
Subtropical,326691565.7906175,14.508708866757727,1617518.069793075,0.495120853787138,824,2165288.3295574486,0.6627928469219254,30,2011
Temperate,581997445.7394999,21.642903559980518,1299885.7886921668,0.22334905388467827,769,2271006.4336931496,0.3902090035476967,30,2011
Tropical,1990302498.0763857,35.0360303452663,2060309.6983481832,0.10351741508335838,1251,8590638.60792806,0.4316247714219751,30,2011
Boreal,1062504878.438,59.316786676740065,1724927.0973699999,0.1623453343485664,234,7355368.633123999,0.6922668104768805,30,2012
Subtropical,326691565.7906175,14.508708866757727,1617518.069793075,0.495120853787138,824,2433553.6905458476,0.7449086371900877,30,2012
Temperate,581997445.7394999,21.642903559980518,1299885.7886921668,0.22334905388467827,769,2393849.82814651,0.4113162086312641,30,2012
Tropical,1990302498.0763857,35.0360303452663,2060309.6983481832,0.10351741508335838,1251,10653264.483676814,0.5352585596397093,30,2012
Boreal,1062504878.438,59.316786676740065,1724927.0973699999,0.1623453343485664,234,7130633.098052001,0.6711153278218188,30,2013
Subtropical,326691565.7906175,14.508708866757727,1617518.069793075,0.495120853787138,824,1862625.51170091,0.5701480254604124,30,2013
Temperate,581997445.7394999,21.642903559980518,1299885.7886921668,0.22334905388467827,769,1581053.6000418302,0.27165988641632366,30,2013
Tropical,1990302498.0763857,35.0360303452663,2060309.6983481832,0.10351741508335838,1251,8053439.269110858,0.40463393262554087,30,2013
Boreal,806501277.0480001,45.02479487482767,1724927.0973699999,0.2138777887226257,234,2410263.633828,0.29885428608993386,50,2001
Subtropical,265909554.09694752,11.809317133563956,1617518.069793075,0.6082963341750959,824,1708867.732562275,0.6426499936663583,50,2001
Temperate,527577385.3981999,19.619169390153495,1299885.7886921668,0.2463877005855835,769,1634356.46974563,0.30978516422042346,50,2001
Tropical,1676548694.8436399,29.512906206282626,2060309.6983481832,0.12288994078638045,1251,6056528.656537293,0.36124979102394306,50,2001
Boreal,806501277.0480001,45.02479487482767,1724927.0973699999,0.2138777887226257,234,3784567.9748299997,0.46925753033925527,50,2002
Subtropical,265909554.09694752,11.809317133563956,1617518.069793075,0.6082963341750959,824,1770770.0045490665,0.6659294400168354,50,2002
Temperate,527577385.3981999,19.619169390153495,1299885.7886921668,0.2463877005855835,769,1652910.7943019501,0.3133020557836044,50,2002
Tropical,1676548694.8436399,29.512906206282626,2060309.6983481832,0.12288994078638045,1251,6989054.434014514,0.41687154423309697,50,2002
Boreal,806501277.0480001,45.02479487482767,1724927.0973699999,0.2138777887226257,234,3344095.7147359997,0.4146423334847331,50,2003
Subtropical,265909554.09694752,11.809317133563956,1617518.069793075,0.6082963341750959,824,1501023.9000098458,0.5644866372355278,50,2003
Temperate,527577385.3981999,19.619169390153495,1299885.7886921668,0.2463877005855835,769,1568916.6678453102,0.29738133423993107,50,2003
Tropical,1676548694.8436399,29.512906206282626,2060309.6983481832,0.12288994078638045,1251,5879410.074275004,0.3506853151571202,50,2003
Boreal,806501277.0480001,45.02479487482767,1724927.0973699999,0.2138777887226257,234,4883804.40255,0.6055544537295671,50,2004
Subtropical,265909554.09694752,11.809317133563956,1617518.069793075,0.6082963341750959,824,2056261.080145021,0.7732934181805788,50,2004
Temperate,527577385.3981999,19.619169390153495,1299885.7886921668,0.2463877005855835,769,2544251.51485438,0.48225181466678174,50,2004
Tropical,1676548694.8436399,29.512906206282626,2060309.6983481832,0.12288994078638045,1251,7876869.174740117,0.4698264475685115,50,2004
Boreal,806501277.0480001,45.02479487482767,1724927.0973699999,0.2138777887226257,234,4005444.6185930003,0.49664454757640897,50,2005
Subtropical,265909554.09694752,11.809317133563956,1617518.069793075,0.6082963341750959,824,2023455.575797921,0.7609563269246779,50,2005
Temperate,527577385.3981999,19.619169390153495,1299885.7886921668,0.2463877005855835,769,2226477.08941517,0.42201905370426185,50,2005
Tropical,1676548694.8436399,29.512906206282626,2060309.6983481832,0.12288994078638045,1251,7852575.44530316,0.46837741542815825,50,2005
Boreal,806501277.0480001,45.02479487482767,1724927.0973699999,0.2138777887226257,234,3930497.880782,0.4873517243727899,50,2006
Subtropical,265909554.09694752,11.809317133563956,1617518.069793075,0.6082963341750959,824,2182921.650116574,0.8209263700696915,50,2006
Temperate,527577385.3981999,19.619169390153495,1299885.7886921668,0.2463877005855835,769,2212991.01435962,0.4194628268020471,50,2006
Tropical,1676548694.8436399,29.512906206282626,2060309.6983481832,0.12288994078638045,1251,7293173.36050229,0.43501112630566774,50,2006
Boreal,806501277.0480001,45.02479487482767,1724927.0973699999,0.2138777887226257,234,3402650.0635100002,0.4219026256182216,50,2007
Subtropical,265909554.09694752,11.809317133563956,1617518.069793075,0.6082963341750959,824,2361797.0688085463,0.8881956411191839,50,2007
Temperate,527577385.3981999,19.619169390153495,1299885.7886921668,0.2463877005855835,769,2689542.9711956005,0.5097911786278733,50,2007
Tropical,1676548694.8436399,29.512906206282626,2060309.6983481832,0.12288994078638045,1251,7760192.422442945,0.4628671058770938,50,2007
Boreal,806501277.0480001,45.02479487482767,1724927.0973699999,0.2138777887226257,234,3865311.0298089995,0.4792690526116737,50,2008
Subtropical,265909554.09694752,11.809317133563956,1617518.069793075,0.6082963341750959,824,2508213.00987264,0.9432579503924763,50,2008
Temperate,527577385.3981999,19.619169390153495,1299885.7886921668,0.2463877005855835,769,2350577.6765001,0.44554178051546944,50,2008
Tropical,1676548694.8436399,29.512906206282626,2060309.6983481832,0.12288994078638045,1251,7592494.501975466,0.4528645380433501,50,2008
Boreal,806501277.0480001,45.02479487482767,1724927.0973699999,0.2138777887226257,234,2837155.146784,0.35178557400041693,50,2009
Subtropical,265909554.09694752,11.809317133563956,1617518.069793075,0.6082963341750959,824,1940796.041033673,0.7298707440673912,50,2009
Temperate,527577385.3981999,19.619169390153495,1299885.7886921668,0.2463877005855835,769,1957881.3302506702,0.3711078951522759,50,2009
Tropical,1676548694.8436399,29.512906206282626,2060309.6983481832,0.12288994078638045,1251,8305122.0999680245,0.4953701688183048,50,2009
Boreal,806501277.0480001,45.02479487482767,1724927.0973699999,0.2138777887226257,234,3145038.074507,0.3899607060783139,50,2010
Subtropical,265909554.09694752,11.809317133563956,1617518.069793075,0.6082963341750959,824,2065322.508584108,0.7767011289226243,50,2010
Temperate,527577385.3981999,19.619169390153495,1299885.7886921668,0.2463877005855835,769,2291659.4674701,0.4343740901138935,50,2010
Tropical,1676548694.8436399,29.512906206282626,2060309.6983481832,0.12288994078638045,1251,8734276.154920243,0.5209676391615233,50,2010
Boreal,806501277.0480001,45.02479487482767,1724927.0973699999,0.2138777887226257,234,3603670.977471,0.4468276839760692,50,2011
Subtropical,265909554.09694752,11.809317133563956,1617518.069793075,0.6082963341750959,824,2051184.5752844086,0.771384308567029,50,2011
Temperate,527577385.3981999,19.619169390153495,1299885.7886921668,0.2463877005855835,769,2209284.5857765297,0.41876028937613136,50,2011
Tropical,1676548694.8436399,29.512906206282626,2060309.6983481832,0.12288994078638045,1251,7519073.075195683,0.4484852183727915,50,2011
Boreal,806501277.0480001,45.02479487482767,1724927.0973699999,0.2138777887226257,234,5982680.447601,0.741806692420765,50,2012
Subtropical,265909554.09694752,11.809317133563956,1617518.069793075,0.6082963341750959,824,2272072.7884571804,0.8544532354895414,50,2012
Temperate,527577385.3981999,19.619169390153495,1299885.7886921668,0.2463877005855835,769,2307166.9077645,0.4373134580101682,50,2012
Tropical,1676548694.8436399,29.512906206282626,2060309.6983481832,0.12288994078638045,1251,9435983.162057774,0.5628218966188634,50,2012
Boreal,806501277.0480001,45.02479487482767,1724927.0973699999,0.2138777887226257,234,5589292.151372001,0.6930295475575975,50,2013
Subtropical,265909554.09694752,11.809317133563956,1617518.069793075,0.6082963341750959,824,1657399.63986077,0.6232945053401509,50,2013
Temperate,527577385.3981999,19.619169390153495,1299885.7886921668,0.2463877005855835,769,1509769.5797804804,0.28617026081225044,50,2013
Tropical,1676548694.8436399,29.512906206282626,2060309.6983481832,0.12288994078638045,1251,6874834.157506045,0.4100587223413283,50,2013
Boreal,433181424.058,24.18335260817744,1724927.0973699999,0.39819969222388535,234,1474398.0829079999,0.3403650297595836,75,2001
Subtropical,183007440.48566613,8.127548894723494,1617518.069793075,0.8838537195539684,824,1523290.624438193,0.8323654056882475,75,2001
Temperate,408076990.9519999,15.175274436125852,1299885.7886921668,0.31853934858215666,769,1438965.4173639999,0.35262106153229755,75,2001
Tropical,1324123042.0503442,23.309027209170345,2060309.6983481832,0.15559805493286238,1251,4822662.216588401,0.36421556482551115,75,2001
Boreal,433181424.058,24.18335260817744,1724927.0973699999,0.39819969222388535,234,2136353.9369200002,0.4931776429623531,75,2002
Subtropical,183007440.48566613,8.127548894723494,1617518.069793075,0.8838537195539684,824,1548332.0967665298,0.8460487140072326,75,2002
Temperate,408076990.9519999,15.175274436125852,1299885.7886921668,0.31853934858215666,769,1465581.4133964002,0.35914335919242973,75,2002
Tropical,1324123042.0503442,23.309027209170345,2060309.6983481832,0.15559805493286238,1251,5611053.206991213,0.4237561789048511,75,2002
Boreal,433181424.058,24.18335260817744,1724927.0973699999,0.39819969222388535,234,1795222.0878939999,0.4144273018627022,75,2003
Subtropical,183007440.48566613,8.127548894723494,1617518.069793075,0.8838537195539684,824,1303991.0230804929,0.7125344300865334,75,2003
Temperate,408076990.9519999,15.175274436125852,1299885.7886921668,0.31853934858215666,769,1367315.1166945002,0.33506302658836523,75,2003
Tropical,1324123042.0503442,23.309027209170345,2060309.6983481832,0.15559805493286238,1251,4653044.985086998,0.35140578611803097,75,2003
Boreal,433181424.058,24.18335260817744,1724927.0973699999,0.39819969222388535,234,2927592.4400099996,0.6758351760757901,75,2004
Subtropical,183007440.48566613,8.127548894723494,1617518.069793075,0.8838537195539684,824,1755350.582643318,0.9591689703899247,75,2004
Temperate,408076990.9519999,15.175274436125852,1299885.7886921668,0.31853934858215666,769,2257449.5290473998,0.5531920640222846,75,2004
Tropical,1324123042.0503442,23.309027209170345,2060309.6983481832,0.15559805493286238,1251,6502194.483431869,0.49105666746524684,75,2004
Boreal,433181424.058,24.18335260817744,1724927.0973699999,0.39819969222388535,234,2706214.537024,0.6247300522890512,75,2005
Subtropical,183007440.48566613,8.127548894723494,1617518.069793075,0.8838537195539684,824,1743903.3098535792,0.9529138843893993,75,2005
Temperate,408076990.9519999,15.175274436125852,1299885.7886921668,0.31853934858215666,769,2006888.9424087,0.491791741976641,75,2005
Tropical,1324123042.0503442,23.309027209170345,2060309.6983481832,0.15559805493286238,1251,6480725.553203337,0.4894352977324697,75,2005
Boreal,433181424.058,24.18335260817744,1724927.0973699999,0.39819969222388535,234,2655800.5372169996,0.6130919724898929,75,2006
Subtropical,183007440.48566613,8.127548894723494,1617518.069793075,0.8838537195539684,824,1849179.2771935018,1.010439396500022,75,2006
Temperate,408076990.9519999,15.175274436125852,1299885.7886921668,0.31853934858215666,769,1976236.0655540999,0.48428019941623096,75,2006
Tropical,1324123042.0503442,23.309027209170345,2060309.6983481832,0.15559805493286238,1251,5891011.034336776,0.4448990650608129,75,2006
Boreal,433181424.058,24.18335260817744,1724927.0973699999,0.39819969222388535,234,2529748.270577,0.5839927868740474,75,2007
Subtropical,183007440.48566613,8.127548894723494,1617518.069793075,0.8838537195539684,824,2002178.6976036993,1.0940422380042618,75,2007
Temperate,408076990.9519999,15.175274436125852,1299885.7886921668,0.31853934858215666,769,2421814.0088270004,0.5934698751765366,75,2007
Tropical,1324123042.0503442,23.309027209170345,2060309.6983481832,0.15559805493286238,1251,6094256.28544572,0.4602484883888918,75,2007
Boreal,433181424.058,24.18335260817744,1724927.0973699999,0.39819969222388535,234,2695798.9698679997,0.6223256169699121,75,2008
Subtropical,183007440.48566613,8.127548894723494,1617518.069793075,0.8838537195539684,824,2139558.893682062,1.169110331254341,75,2008
Temperate,408076990.9519999,15.175274436125852,1299885.7886921668,0.31853934858215666,769,2105536.0853776,0.515965401642864,75,2008
Tropical,1324123042.0503442,23.309027209170345,2060309.6983481832,0.15559805493286238,1251,5875743.77180022,0.4437460557065677,75,2008
Boreal,433181424.058,24.18335260817744,1724927.0973699999,0.39819969222388535,234,2098603.8445880003,0.4844630281992451,75,2009
Subtropical,183007440.48566613,8.127548894723494,1617518.069793075,0.8838537195539684,824,1640044.251793199,0.8961626081654609,75,2009
Temperate,408076990.9519999,15.175274436125852,1299885.7886921668,0.31853934858215666,769,1766924.2874546002,0.43298797203257045,75,2009
Tropical,1324123042.0503442,23.309027209170345,2060309.6983481832,0.15559805493286238,1251,6536276.462759639,0.49363059588771396,75,2009
Boreal,433181424.058,24.18335260817744,1724927.0973699999,0.39819969222388535,234,2325384.3930149996,0.5368153535373313,75,2010
Subtropical,183007440.48566613,8.127548894723494,1617518.069793075,0.8838537195539684,824,1807660.209855741,0.987752303982047,75,2010
Temperate,408076990.9519999,15.175274436125852,1299885.7886921668,0.31853934858215666,769,2083879.1304850003,0.5106583259260792,75,2010
Tropical,1324123042.0503442,23.309027209170345,2060309.6983481832,0.15559805493286238,1251,6805995.267812706,0.5140002138527799,75,2010
Boreal,433181424.058,24.18335260817744,1724927.0973699999,0.39819969222388535,234,2624956.8164810003,0.6059716946979556,75,2011
Subtropical,183007440.48566613,8.127548894723494,1617518.069793075,0.8838537195539684,824,1781072.7809618711,0.9732242450007774,75,2011
Temperate,408076990.9519999,15.175274436125852,1299885.7886921668,0.31853934858215666,769,2014323.2010546997,0.493613520418169,75,2011
Tropical,1324123042.0503442,23.309027209170345,2060309.6983481832,0.15559805493286238,1251,5830447.409156842,0.44032519818767446,75,2011
Boreal,433181424.058,24.18335260817744,1724927.0973699999,0.39819969222388535,234,3975242.4767509997,0.9176853521352158,75,2012
Subtropical,183007440.48566613,8.127548894723494,1617518.069793075,0.8838537195539684,824,1959738.4871009984,1.0708518090304053,75,2012
Temperate,408076990.9519999,15.175274436125852,1299885.7886921668,0.31853934858215666,769,2097883.7797578,0.5140901903985475,75,2012
Tropical,1324123042.0503442,23.309027209170345,2060309.6983481832,0.15559805493286238,1251,7493549.52379073,0.5659254680884723,75,2012
Boreal,433181424.058,24.18335260817744,1724927.0973699999,0.39819969222388535,234,3058905.6711420002,0.7061488561735819,75,2013
Subtropical,183007440.48566613,8.127548894723494,1617518.069793075,0.8838537195539684,824,1344030.97403379,0.7344132951463576,75,2013
Temperate,408076990.9519999,15.175274436125852,1299885.7886921668,0.31853934858215666,769,1299465.8933730703,0.3184364524796058,75,2013
Tropical,1324123042.0503442,23.309027209170345,2060309.6983481832,0.15559805493286238,1251,4963526.631951515,0.37485388248102075,75,2013
